City_ID,City,Country,Max Temp,Current Description,Lat,Lng,Hotel Name
0,Atuona,PF,77.23,light rain,-9.8,-139.0333,Villa Enata
1,Cape Town,ZA,69.12,clear sky,-33.9258,18.4232,Southern Sun Waterfront Cape Town
2,Castro,BR,60.46,overcast clouds,-24.7911,-50.0119,CHACARA BAILLY
4,Butaritari,KI,81.7,light rain,3.0707,172.7902,Isles Sunset Lodge
6,Port Elizabeth,ZA,69.1,broken clouds,-33.918,25.5701,39 On Nile Guest House
7,Mahebourg,MU,80.89,scattered clouds,-20.4081,57.7,Shandrani Beachcomber Resort & Spa
8,Pitimbu,BR,82.99,light rain,-7.4706,-34.8086,Reserva do Abia√≠
9,Norden,DE,46.96,clear sky,53.6,7.2,Stadthotel Restaurant Smutje
10,San Policarpo,PH,78.96,few clouds,12.1791,125.5072,Agapita M. Nicart
11,Vestmannaeyjar,IS,40.28,overcast clouds,63.4427,-20.2734,Glamping & Camping
12,Balkanabat,TM,42.03,clear sky,39.5108,54.3671,Nebitchi Hotel
16,Praia Da Vitoria,PT,59.76,broken clouds,38.7333,-27.0667,Hotel Branco I
19,Busselton,AU,67.05,clear sky,-33.65,115.3333,Observatory Guest House
20,Siniscola,IT,40.55,clear sky,40.5719,9.6922,Hotel Sa Tanca E Bore
22,Kapaa,US,77.32,overcast clouds,22.0752,-159.319,Sheraton Kauai Coconut Beach Resort
23,San Cristobal,VE,80.78,clear sky,7.7669,-72.225,Posada Villaven C.A.
24,Naze,JP,56.97,overcast clouds,28.3667,129.4833,Shishime Hotel
25,Hermanus,ZA,66.79,clear sky,-34.4187,19.2345,Misty Waves Boutique Hotel
27,Panzhihua,CN,42.89,clear sky,26.5851,101.7128,Electric Power Hotel
28,Touros,BR,83.3,overcast clouds,-5.1989,-35.4608,INN NEW HORIZON
29,Rikitea,PF,77.32,overcast clouds,-23.1203,-134.9692,People ThankYou
30,Bluff,NZ,61.81,overcast clouds,-46.6,168.3333,Bluff Homestead - Guesthouse & Campervan Park
31,Victoria,HK,62.26,overcast clouds,22.2855,114.1577,Mini Hotel Central
36,Kruisfontein,ZA,66.88,clear sky,-34.0033,24.7314,Oyster Bay House Rental
37,Avarua,CK,80.65,scattered clouds,-21.2078,-159.775,Paradise Inn
38,Cabo San Lucas,MX,79.9,clear sky,22.8909,-109.9124,Hotel Tesoro Los Cabos
41,Ushuaia,AR,49.66,light rain,-54.8,-68.3,Albatross Hotel
43,Lata,PT,57.61,clear sky,40.1629,-8.3327,Casa Maquia
44,Chuy,UY,75.65,few clouds,-33.6971,-53.4616,Nuevo Hotel Plaza
45,Vaini,TO,81.45,light rain,-21.2,-175.2,Keleti Beach Resort
46,Caxambu,BR,72.59,broken clouds,-21.9772,-44.9325,Hotel Lopes
47,Port Alfred,ZA,70.25,scattered clouds,-33.5906,26.891,The Halyards Hotel
49,Kutum,SD,56.66,scattered clouds,14.2,24.6667,Dibbo areaŸÖŸÜÿ∑ŸÇÿ© ÿØÿ®Ÿà
50,New Norfolk,AU,58.71,few clouds,-42.7826,147.0587,The Shingles Riverside Cottages
51,Tuatapere,NZ,61.83,light rain,-46.1333,167.6833,Ron and Tony's Bed & Breakfast
53,Puerto Ayora,EC,80.56,few clouds,-0.7393,-90.3518,Finch Bay Galapagos Hotel
54,Aguadilla,PR,84.34,clear sky,18.4275,-67.1541,WSSM Surf House
55,Yanam,IN,65.3,light rain,16.7333,82.2167,The Regency Hotel
56,Punta Arenas,CL,55.51,broken clouds,-53.15,-70.9167,Hotel Hain
57,De Aar,ZA,79.61,clear sky,-30.6497,24.0123,Nyibiba Guesthouse
58,Namibe,AO,72.39,overcast clouds,-15.1961,12.1522,Hotel Chik Chik Namibe
59,Midland,US,58.05,clear sky,31.9974,-102.0779,DoubleTree by Hilton Hotel Midland Plaza
61,Mataura,NZ,61.48,light rain,-46.1927,168.8643,Ellie's Villa
63,Waingapu,ID,78.28,overcast clouds,-9.6567,120.2641,Pondok Wisata Elim
64,Hobart,AU,59.05,overcast clouds,-42.8794,147.3294,Mantra on Collins Hobart
65,Capaci,IT,53.2,clear sky,38.1711,13.2393,Hotel Sirenetta
66,Kerman,IR,48.06,clear sky,30.2832,57.0788,Ÿáÿ™ŸÑ ÿ¢Ÿæÿßÿ±ÿ™ŸÖÿßŸÜ ÿ¢ÿ≥ÿßŸÖ
67,Bodden Town,KY,81.0,broken clouds,19.2833,-81.25,Will T Place
69,Atar,MR,77.54,overcast clouds,20.5169,-13.0499,Oumou Elghoura
70,Crato,BR,82.11,broken clouds,-7.2342,-39.4094,"Loft no Centro do Crato, ao lado da Pra√ßa da S√©"
72,East London,ZA,71.87,broken clouds,-33.0153,27.9116,Tu Casa
73,Masterton,NZ,63.97,few clouds,-40.9597,175.6575,Copthorne Hotel & Resort Solway Park Wairarapa
74,Enid,US,61.3,clear sky,36.3956,-97.8784,Ramada by Wyndham Enid
76,Vao,NC,78.28,overcast clouds,-22.6667,167.4833,Hotel Kou-Bugny
77,Cayenne,GF,82.44,broken clouds,4.9333,-52.3333,H√¥tel Le Dronmi
78,Saldanha,ZA,69.85,clear sky,-33.0117,17.9442,Blue Bay Lodge
79,Mannargudi,IN,74.71,overcast clouds,10.6667,79.4333,MANNAI GRAND INN
81,Chapeco,BR,69.55,overcast clouds,-27.0964,-52.6183,Golden Hotel
82,Ribeira Grande,PT,61.2,few clouds,38.5167,-28.7,Quinta da Meia Eira
83,Carnarvon,AU,75.27,broken clouds,-24.8667,113.6333,Hospitality Carnarvon
84,Mackay,AU,74.68,few clouds,-21.15,149.2,International Lodge Motel
85,Monrovia,LR,80.37,overcast clouds,6.3005,-10.7969,Sunset Inn
88,Hualmay,PE,74.75,broken clouds,-11.0964,-77.6139,Hotel Villa Kitzia Huacho
90,Souillac,MU,80.98,scattered clouds,-20.5167,57.5167,Shanti Maurice Resort & Spa
91,Mazamari,PE,86.97,moderate rain,-11.3258,-74.5308,Hospedaje Ratto
93,Biaora,IN,56.86,clear sky,23.8667,76.9167,SARPANCH MOTEL HOTEL
96,Takoradi,GH,80.42,few clouds,4.8845,-1.7554,Raybow International Hotel
97,Padang,ID,76.91,light rain,-0.9492,100.3543,Mercure Padang
99,Lingao,CN,60.31,overcast clouds,19.9103,109.6859,Lingao Ditai Inn
101,Bandar-E Lengeh,IR,69.03,clear sky,26.5579,54.8807,⁄©ÿßŸÅ€å ŸÜÿ™ Ÿæÿßÿ±ÿ≥
102,Pasighat,IN,50.65,clear sky,28.0667,95.3333,Siang Guest House
104,Hilo,US,74.8,few clouds,19.7297,-155.09,Hilo Hawaiian Hotel
105,Makamba,BI,62.08,broken clouds,-4.1348,29.804,Inanzerwe Hotel
107,Visby,SE,44.82,overcast clouds,57.6409,18.296,Best Western Solhem Hotel Visby
108,Havelock,US,40.98,scattered clouds,34.8791,-76.9013,Sherwood Motel
111,Pedernales,DO,79.12,scattered clouds,18.0384,-71.744,Hotel Costa Marina
113,Saint-Philippe,RE,78.39,broken clouds,-21.3585,55.7679,"Chambres d'h√¥te ""La Trinit√©"""
115,Uttiramerur,IN,76.44,overcast clouds,12.6,79.7667,Ramesh lodge
116,Los Llanos De Aridane,ES,62.35,few clouds,28.6585,-17.9182,Valle Aridane
118,Conceicao Do Araguaia,BR,78.6,broken clouds,-8.2578,-49.2647,Tarum√£ Tropical Hotel
122,Steenwijk,NL,48.15,broken clouds,52.7875,6.1208,Fletcher Hotel-Restaurant Steenwijk
123,Mount Gambier,AU,62.51,overcast clouds,-37.8333,140.7667,The Commodore
125,Palora,EC,82.38,overcast clouds,-1.7,-77.9333,Rancho grande
126,Lebu,CL,64.96,clear sky,-37.6167,-73.65,Hostal Las Lilas
128,Ponta Do Sol,PT,65.03,few clouds,32.6667,-17.1,Hotel do Campo
129,Kagadi,UG,67.96,broken clouds,0.9606,30.7967,ADNEC MOTEL
130,Cariati,IT,46.15,few clouds,39.4922,16.9594,La Residenza
131,Pisco,PE,75.25,clear sky,-13.7,-76.2167,Hotel San Isidro Oficial
132,Bow Island,CA,50.18,overcast clouds,49.8668,-111.3684,Silver Sage Motel
133,Pacific Grove,US,62.96,clear sky,36.6177,-121.9166,Lovers Point Inn
134,Ketchikan,US,45.07,moderate rain,55.3422,-131.6461,Snow's Cove Lodge
136,Sawtell,AU,69.19,overcast clouds,-30.3833,153.1,The Bungalow Sawtell
137,Marawi,PH,66.65,broken clouds,7.9986,124.2928,Derogongan Residence
139,Arraial Do Cabo,BR,84.16,thunderstorm,-22.9661,-42.0278,Pousada Porto Praia
141,Alofi,NU,80.49,overcast clouds,-19.0595,-169.9187,Taloa Heights
142,Oro Valley,US,69.4,few clouds,32.3909,-110.9665,"El Conquistador Tucson, A Hilton Resort"
143,Codrington,AU,62.04,broken clouds,-38.2667,141.9667,Codrington Gardens Bed And Breakfast
144,Maues,BR,76.62,overcast clouds,-3.3836,-57.7186,Hotel Miramar
145,Portland,US,49.95,few clouds,45.5234,-122.6762,Embassy Suites by Hilton Portland Downtown
148,Coquimbo,CL,67.73,few clouds,-29.9533,-71.3436,Hostel Del Puerto
149,Puno,PE,60.37,broken clouds,-15.8333,-70.0333,Hotel Hacienda Plaza De Armas - Puno
150,Siyabuswa,ZA,69.75,overcast clouds,-25.1132,29.0445,Survivor Africa Game Lodge
152,Garowe,SO,68.68,overcast clouds,8.4054,48.4845,Curubo Hotel
155,Port-Gentil,GA,80.56,scattered clouds,-0.7193,8.7815,Fengshui Residence
156,Cidreira,BR,74.52,broken clouds,-30.1811,-50.2056,Hotel Castelo
157,Saint-Pierre,RE,78.48,scattered clouds,-21.3393,55.4781,Lindsey H√¥tel
160,Ranfurly,NZ,51.64,overcast clouds,-45.1333,170.1,Ranfurly Holiday Park Motels & Cabins
163,Constitucion,CL,65.84,broken clouds,-35.3333,-72.4167,Hotel Boutique Las Azucenas
164,Sao Filipe,CV,71.11,overcast clouds,14.8961,-24.4956,Hotel Xaguate
165,Camacha,PT,61.56,clear sky,33.0833,-16.3333,Hotel Porto Santo & Spa
166,Muli,MV,81.68,overcast clouds,2.9167,73.5667,Medhufushi Island Resort
167,Killybegs,IE,44.31,overcast clouds,54.6333,-8.45,Tara Hotel
168,Georgetown,MY,83.89,few clouds,5.4112,100.3354,Cititel Penang
172,Tabas,IR,46.83,clear sky,33.5959,56.9244,ÿ¥ÿ±⁄©ÿ™ ŸÖÿπŸÖÿßÿ±€å ŸÖŸáÿ±ÿßÿ≤ ÿ¥ÿß€å⁄ØÿßŸÜ ÿ¢ÿ±ÿßÿØ
173,Floresta,BR,72.36,overcast clouds,-8.6011,-38.5686,Hotel Floresta
175,Ambon,ID,77.14,scattered clouds,-3.6954,128.1814,Swiss-Belhotel Ambon
176,Houston,US,65.05,clear sky,29.7633,-95.3633,"Hotel ICON, Autograph Collection"
179,Tahta,EG,51.19,clear sky,26.7693,31.5021,shady waheed
180,Sabha,LY,50.5,broken clouds,27.0377,14.4283,Foundation Taaj Asala for Historical Research and Archeology
181,Kavaratti,IN,80.69,broken clouds,10.5669,72.642,Hotels in Lakshadweep Islands
182,Ancud,CL,70.43,scattered clouds,-41.8697,-73.8203,Hotel Arena Gruesa
185,Barcelos,PT,53.28,clear sky,41.5388,-8.6151,Hotel Do Ter√ßo
186,Bredasdorp,ZA,66.27,clear sky,-34.5322,20.0403,Bredasdorp Country Manor
187,Bambous Virieux,MU,80.85,scattered clouds,-20.3428,57.7575,Casa Tia Villa
188,Amarkantak,IN,46.11,clear sky,22.6667,81.75,STARiHOTELS Amarkantak Madhya Pradesh
189,Mildura,AU,67.96,clear sky,-34.2,142.15,Mercure Hotel Mildura
191,Ambilobe,MG,74.08,light rain,-13.2,49.05,H√¥tel & Restaurant DIANA Ambilobe
193,Mar Del Plata,AR,86.02,clear sky,-38.0023,-57.5575,Gran Hotel Mar del Plata
195,Ponta Delgada,PT,61.5,few clouds,37.7333,-25.6667,Vila Nova Hotel
196,Saint George,US,57.34,clear sky,37.1041,-113.5841,Best Western Plus Abbey Inn
198,Christchurch,NZ,63.91,few clouds,-43.5333,172.6333,The George
199,Jaguariuna,BR,72.37,light rain,-22.7056,-46.9858,Hotel Matiz Jaguari√∫na
200,Karratha,AU,80.98,broken clouds,-20.7377,116.8463,ibis Styles Karratha
201,Katsuura,JP,41.18,scattered clouds,35.1333,140.3,Katsuura Hotel Mikazuki
203,Beeville,US,65.62,clear sky,28.4008,-97.7483,"Holiday Inn Express & Suites Beeville, an IHG Hotel"
204,Santa Isabel,BR,74.91,light rain,-23.3156,-46.2214,Ch√°cara Sombra do Alt√≠ssimo
205,Tucurui,BR,73.33,overcast clouds,-3.7661,-49.6725,BBB Rooms Centro Tucurui PA
208,Hambantota,LK,77.99,broken clouds,6.1241,81.1185,Bungalow 63
209,Pochutla,MX,86.83,clear sky,15.7432,-96.4661,Hotel Posada San Jose
210,Foz,ES,51.42,overcast clouds,43.5692,-7.2544,Hotel Balc√≥n de San Bartolo
211,San Patricio,US,66.16,broken clouds,28.017,-97.5169,"Motel 6 Sinton, TX"
213,Qesarya,IL,50.31,broken clouds,32.5189,34.9046,Dan Caesarea Resort - Happiness Is Around
214,Sabang,ID,82.11,few clouds,5.8933,95.3214,Hotel Citra
217,Lashio,MM,45.93,clear sky,22.9333,97.75,Hotel CF Lashio - Burmese Only
218,Augusto Correa,BR,73.69,moderate rain,-1.0217,-46.635,Fazenda Bacuri
219,Tual,ID,83.53,overcast clouds,-5.6667,132.75,Grand Vilia Hotel
222,Fort Myers Beach,US,59.05,clear sky,26.452,-81.9481,Lani Kai Island Resort
224,Rio Gallegos,AR,59.05,broken clouds,-51.6226,-69.2181,Hotel Santa Cruz
225,Faanui,PF,79.68,light rain,-16.4833,-151.75,Bora-Bora Pearl Beach Resort & Spa
226,Carazinho,BR,74.34,overcast clouds,-28.2839,-52.7864,San Remo Hotel
227,Kununurra,AU,78.78,scattered clouds,-15.7667,128.7333,Hotel Kununurra
228,Villa Sandino,NI,87.17,clear sky,12.0483,-84.9936,Sal√≥n Rossmary
231,Geraldton,AU,70.21,light rain,-28.7667,114.6,Broadwater Mariner Resort
232,Stromness,GB,40.96,scattered clouds,58.965,-3.296,The Old Smokery
233,Alvaraes,BR,82.27,overcast clouds,-3.2208,-64.8042,Av. Castelo Branco. Gin√°sio Ermelino vieira.
234,Uige,AO,67.42,light rain,-7.6087,15.0613,Hotel Catraio
236,Angoche,MZ,77.99,overcast clouds,-16.2325,39.9086,Guest House HESADA
237,Jalu,LY,53.56,clear sky,29.0331,21.5482,ÿµÿßÿ≠ÿ®ÿ© ÿßŸÑŸÅÿÆÿßŸÖÿ©
238,Lar,IN,49.69,clear sky,26.2039,83.9717,Ovaiskarni ward Lar
242,Belle Fourche,US,54.5,clear sky,44.6714,-103.8522,Kings Inn
244,Tautira,PF,80.62,overcast clouds,-17.7333,-149.15,Pension Oaoa
248,Odweyne,SO,63.68,overcast clouds,9.4092,45.064,Eng Hiirey House
250,Dicabisagan,PH,76.14,clear sky,17.0818,122.4157,Nancy Montanes Bernardo
252,Brandfort,ZA,72.21,overcast clouds,-28.7001,26.4597,SUMFRA GUESTHOUSE
255,Port Blair,IN,77.04,mist,11.6667,92.75,"Welcomhotel By ITC Hotels, Bay Island, Port Blair"
256,Sao Joao Da Barra,BR,86.09,scattered clouds,-21.6403,-41.0511,Pousada Porto De Canoas
258,Jiangyou,CN,40.66,overcast clouds,31.7667,104.7167,Shangping Shuyuan Inn
259,San Felipe,VE,83.28,broken clouds,10.3399,-68.7425,Posada Llovizna Rodr√≠guez
260,Vila Do Maio,CV,70.59,overcast clouds,15.1333,-23.2167,Hotel Marilu
262,Saint-Joseph,RE,75.58,scattered clouds,-21.3667,55.6167,"""Plantation Bed and Breakfast"
264,Broken Hill,AU,74.91,clear sky,-31.95,141.4333,Royal Exchange Hotel
265,Nagapattinam,IN,76.33,overcast clouds,10.7667,79.8333,Sathya Lodge
266,Wum,CM,69.82,overcast clouds,6.3833,10.0667,Wum Council Hall
268,Wanning,CN,65.59,overcast clouds,18.8003,110.3967,Paradise Hotel
272,Mpophomeni,ZA,59.31,overcast clouds,-29.5682,30.1862,Yellowhouse Lodge
273,Bathsheba,BB,81.21,scattered clouds,13.2167,-59.5167,Atlantis Hotel
274,Fortuna,US,60.93,clear sky,40.5982,-124.1573,Super 8 by Wyndham Fortuna
275,Bonga,ET,63.28,few clouds,7.2833,36.2333,Abelena bare and restorant
276,Praxedis Guerrero,MX,55.29,clear sky,31.3667,-106.0167,Congregaci√≥n placitas de Otero
277,Mattru,SL,79.11,overcast clouds,7.6244,-11.8332,"Mondkor Town, Bagbo Chiefdom, Bo District"
278,Thai Binh,VN,55.4,overcast clouds,20.45,106.3333,Sweden Hotel
280,Vila Franca Do Campo,PT,61.2,broken clouds,37.7167,-25.4333,Pestana Bahia Praia
281,Port Keats,AU,81.18,overcast clouds,-14.25,129.55,TDC Village (Hundred Man Camp)
282,Hit,IQ,50.32,scattered clouds,33.6416,42.8251,ÿµÿßŸÑŸàŸÜ ÿ≤Ÿäÿ±Ÿà
285,Kaitangata,NZ,55.89,overcast clouds,-46.2817,169.8464,Kaitangata Motor Camp
286,Rawson,AR,83.35,scattered clouds,-43.3002,-65.1023,Hosteria Sampedro
287,Chilliwack,CA,43.02,overcast clouds,49.1747,-121.9443,Coast Chilliwack Hotel by APA
288,Avallon,FR,41.02,overcast clouds,47.4833,3.9,Hotel d'Avallon Vauban
292,Kieta,PG,78.93,light rain,-6.2167,155.6333,Uruna Bay Retreat
294,Sandwick,GB,40.82,overcast clouds,60.0,-1.25,Beach House Self-Catering Accomodation
296,Sao Gabriel Da Cachoeira,BR,87.6,moderate rain,-0.1303,-67.0892,Alarne - √Årea De Lazer Do Alto Rio Negro
297,Gasa,PS,49.98,clear sky,31.5,34.4667,ÿ±ÿßÿ®ÿ∑ÿ© ÿßŸÑŸÅŸÜÿßŸÜŸäŸÜ ÿßŸÑŸÅŸÑÿ≥ÿ∑ŸäŸÜŸäŸäŸÜ
298,Hithadhoo,MV,81.05,overcast clouds,-0.6,73.0833,Scoop Guest House
300,Didsbury,GB,47.55,broken clouds,53.417,-2.2315,Eleven Didsbury Park
301,Jacareacanga,BR,75.24,overcast clouds,-6.2222,-57.7528,Casa do Ianüòé
302,Meulaboh,ID,77.63,overcast clouds,4.1363,96.1285,Kost Pria
303,Callaway,US,48.97,clear sky,30.153,-85.5699,"Holiday Inn Express & Suites Panama City-Tyndall, an IHG Hotel"
304,Safaga,EG,57.15,clear sky,26.7292,33.9365,Lamar Resort Abu Soma
305,Quatre Cocos,MU,80.71,overcast clouds,-20.2078,57.7625,Sunrise Attitude Hotel
311,Manado,ID,75.97,scattered clouds,1.487,124.8455,Aryaduta Hotel
312,San Jose,US,63.86,clear sky,37.3394,-121.895,The Westin San Jose
313,Aquiraz,BR,84.29,overcast clouds,-3.9014,-38.3911,Pousada Rua Camurupim
315,Gaoual,GN,85.8,scattered clouds,11.75,-13.2,Hotel koliba
318,Ghanzi,BW,75.18,broken clouds,-21.5667,21.7833,Ghanzi Farmhouse
319,Rocha,UY,77.54,clear sky,-34.4833,-54.3333,Hotel Arrarte
320,Grand Gaube,MU,81.0,overcast clouds,-20.0064,57.6608,Veranda Paul et Virginie Hotel & Spa
322,Port Lincoln,AU,64.36,scattered clouds,-34.7333,135.8667,Port Lincoln Hotel
324,Ouahigouya,BF,75.43,scattered clouds,13.5828,-2.4216,Hotel Liberte
328,Esperance,AU,64.24,clear sky,-33.8667,121.9,Hospitality Esperance
329,Andilamena,MG,66.58,overcast clouds,-17.0167,48.5833,Police men home Andilamina
330,Russell,US,43.05,clear sky,32.3502,-85.1999,Macs
332,Fomboni,KM,82.69,overcast clouds,-12.28,43.7425,Auberge les abou
333,Ramtek,IN,52.56,clear sky,21.4,79.3333,"Tambulkar Sir Home (""Janaki Laxmi"")"
336,Bafq,IR,50.72,few clouds,31.6128,55.4107,Alamdar Hotel
338,Taltal,CL,69.03,clear sky,-25.4,-70.4833,Residencial Karime
339,Hondo,JP,43.95,overcast clouds,32.45,130.2,„Éõ„ÉÜ„É´Ê≤≥‰∏Å
341,Bilma,NE,61.99,clear sky,18.6853,12.9164,Expeditions T√©n√©re voyages
342,Ahipara,NZ,64.6,broken clouds,-35.1667,173.1667,Ahipara Holiday Park
344,Fallon,US,47.91,scattered clouds,39.4735,-118.7774,Best Western Fallon Inn & Suites
345,Walla Walla,US,40.05,overcast clouds,46.0646,-118.343,"Holiday Inn Express Walla Walla, an IHG Hotel"
346,Bani,DO,87.24,clear sky,18.2833,-70.3333,Hospedaje Henriquez
347,Dingle,PH,74.71,clear sky,10.9995,122.6711,SEGAYA PROPERTY
348,Malanville,BJ,75.61,clear sky,11.8685,3.3899,Hotel Sejour du Sahel
349,Teahupoo,PF,75.16,broken clouds,-17.8333,-149.2667,Vanira Lodge
350,Bima,ID,76.73,moderate rain,-8.4667,118.7167,Lambitu Hotel
351,Qui Nhon,VN,71.24,overcast clouds,13.7667,109.2333,Hoang Yen Canary Hotel
352,Domodossola,IT,42.85,clear sky,46.1165,8.2931,Eurossola
358,Jackson,US,60.04,clear sky,42.4165,-122.8345,Agate Village Apartments
361,Las Palmas,ES,61.59,haze,28.4204,-14.0131,Casillas De Morales 59.
364,Mayumba,GA,77.86,broken clouds,-3.432,10.6554,LIKWALE LODGE
366,Cambrils,ES,55.06,clear sky,41.0748,1.0524,Sol Port Cambrils
368,Locri,IT,51.71,clear sky,38.2414,16.2623,Grand Hotel President
369,Nuevo Progreso,MX,65.53,broken clouds,23.1667,-97.95,Balneario Rio el Paraiso
370,Pali,IN,58.69,clear sky,25.7667,73.3333,HOTEL THE AMBA VILAS
372,Ukiah,US,65.37,clear sky,39.1502,-123.2078,Hampton Inn Ukiah
373,Lae,PG,75.85,overcast clouds,-6.7221,146.9847,Phils Hotel
374,Alamos,MX,82.31,clear sky,27.0167,-108.9333,Luz del Sol
375,Rock Sound,BS,64.24,overcast clouds,24.9,-76.2,Pink Corral Bay Property
378,Storm Lake,US,47.35,clear sky,42.6411,-95.2097,King's Pointe Resort
379,Samarai,PG,79.72,light rain,-10.6167,150.6667,Nuli Sapi
380,Weligama,LK,77.25,overcast clouds,5.9667,80.4167,Weligama Bay Resort
382,Kigoma,TZ,74.07,light rain,-4.8769,29.6267,MJI Mwema Lodge
383,Nelson Bay,AU,72.95,overcast clouds,-32.7167,152.15,Mantra Nelson Bay
386,Lompoc,US,68.09,clear sky,34.6391,-120.4579,"Holiday Inn Express Lompoc, an IHG Hotel"
389,Kerema,PG,77.13,overcast clouds,-7.9631,145.7785,Frena Lodge
391,Itaituba,BR,77.16,moderate rain,-4.2761,-55.9836,Hotel Campos
394,Byron Bay,AU,71.55,broken clouds,-28.65,153.6167,Backpackers Inn
398,Belmonte,BR,86.5,few clouds,-15.8631,-38.8828,Pousada Monte Carmelo O P√£o
401,Kaeo,NZ,66.33,broken clouds,-35.1,173.7833,Bushido Lodge
402,Macas,EC,82.15,scattered clouds,-2.3167,-78.1167,Casa Upano
408,Dharchula,IN,44.51,clear sky,29.85,80.5333,Mahara Hotel
409,Willich,DE,52.72,broken clouds,51.2667,6.55,Hotel D√ºsseldorf Krefeld Affiliated by Meli√°
410,Shenjiamen,CN,40.19,light rain,29.9576,122.298,Jinjiang Inn Zhoushan Putuo Shenjiamen
411,Isangel,VU,77.11,moderate rain,-19.55,169.2667,Tanna Lodge
412,Rasht,IR,40.82,mist,37.2808,49.5832,CCTV industry Yara
413,Yarada,IN,64.72,mist,17.65,83.2667,Yarada Jungle Beach Resorts
414,Ndjole,GA,78.44,overcast clouds,-0.1783,10.7649,Motel K√©dyann
415,Bad Aussee,AT,42.01,broken clouds,47.61,13.7824,Spa Hotel Restaurant Erzherzog Johann
416,Te Anau,NZ,57.4,light rain,-45.4167,167.7167,Kingsgate Hotel Te Anau
418,Sungaipenuh,ID,64.8,overcast clouds,-2.0833,101.3833,penginapan citra alam
420,Tiarei,PF,80.62,overcast clouds,-17.5333,-149.3333,Le Rocher de Tahiti
422,Berbera,SO,73.72,broken clouds,10.4396,45.0143,IBCO REAL ESTATE PROPERTY
424,Makakilo City,US,77.68,clear sky,21.3469,-158.0858,Marriott's Ko Olina Beach Club
425,Flinders,AU,73.2,overcast clouds,-34.5833,150.8552,Shellharbour Resort & Conference Centre
427,Labuan,MY,79.16,few clouds,5.2767,115.2417,Tiara Labuan Hotel
430,Alyangula,AU,80.47,overcast clouds,-13.8483,136.4192,Groote Eylandt Lodge
431,Jaisalmer,IN,64.11,clear sky,26.9147,70.9181,Hotel Fifu
432,Lodwar,KE,87.06,clear sky,3.1191,35.5973,Solmar Gracious Hotel
433,Coahuayana,MX,85.48,clear sky,18.7333,-103.6833,El rranchito michuacan de ocampos
435,Ibimirim,BR,72.86,overcast clouds,-8.5406,-37.6903,Hotel Paulist√£o
436,Tabora,TZ,65.39,overcast clouds,-5.0167,32.8,Barcelona Lodge
437,Kota Kinabalu,MY,76.98,few clouds,5.9749,116.0724,Gaya Centre Hotel
440,Urrao,CO,78.13,broken clouds,6.3152,-76.1342,Finca Hotel Riomanso
441,Kabompo,ZM,65.39,light rain,-13.5927,24.2008,Big Tree
442,Mamallapuram,IN,79.05,overcast clouds,12.6264,80.1722,Radisson Blu Resort Temple Bay Mamallapuram
443,Moussoro,TD,66.63,clear sky,13.6408,16.4901,H√¥tel Salama
445,Akyab,MM,57.88,clear sky,20.15,92.9,Hotel Memory
446,Angul,IN,56.62,few clouds,20.85,85.1,Bluebay 08 satkosia Tarava
449,Mabaruma,GY,80.01,scattered clouds,8.2,-59.7833,Monty Brooms Guest House
450,Najran,SA,63.25,few clouds,17.4924,44.1277,ŸÖÿ≠ŸÖÿØ ŸáÿßÿØŸä ÿßŸÑ ŸÅÿ∑Ÿäÿ≠
451,Ugoofaaru,MV,82.11,broken clouds,5.6667,73.0,Ungoofaaru Inn
455,Namatanai,PG,79.48,light rain,-3.6667,152.4333,Seagulls Inn Namatani
456,Ca Mau,VN,73.87,scattered clouds,9.1769,105.15,Kh√°ch S·∫°n M∆∞·ªùng Thanh Luxury C√† Mau
457,Vila Velha,BR,85.95,few clouds,-20.3297,-40.2925,Quality Suites Vila Velha
458,Soubre,CI,80.47,broken clouds,5.7856,-6.6083,Lynd Hotels Soubre
459,Vila,PT,43.93,clear sky,42.0304,-8.1588,Hotel Castrum Villae by Walk Hotels
460,Lorengau,PG,80.15,overcast clouds,-2.0226,147.2712,Lorengau Harbourside Hotel
461,Gat,IL,49.41,clear sky,31.61,34.7642,OlusHome
462,Tura,IN,50.94,clear sky,25.5198,90.2201,Hotel RIKMAN Continental
463,Quelimane,MZ,82.35,few clouds,-17.8786,36.8883,Hotel Flamingo
464,Port Hardy,CA,46.76,overcast clouds,50.6996,-127.4199,Airport Inn-Port Hardy
468,Alto Piquiri,BR,78.19,scattered clouds,-24.0281,-53.4406,Hotel Frison
469,Victor Harbor,AU,66.72,clear sky,-35.5667,138.6167,McCracken Country Club
471,Alta Floresta,BR,82.22,scattered clouds,-9.8756,-56.0861,Floresta Amazonica Hotel
472,Laguna,US,66.34,clear sky,38.421,-121.4238,"Holiday Inn Express & Suites Elk Grove Central - Hwy 99, an IHG Hotel"
476,Grand-Santi,GF,84.25,overcast clouds,4.25,-54.3833,Hotel La Villa Couacou
478,Ngozi,BI,59.4,overcast clouds,-2.9075,29.8306,Ruhuka Hotel
479,Mandera,KE,83.59,clear sky,3.9366,41.867,Mwalimu Guest mandera
480,Swindon,GB,46.89,clear sky,51.558,-1.7812,"Holiday Inn Express Swindon City Centre, an IHG Hotel"
482,Shakawe,BW,66.92,overcast clouds,-18.3667,21.85,Ditlhapi Guest House
483,Shasta Lake,US,64.92,clear sky,40.6804,-122.3708,Shasta Dam Motel
485,Aplahoue,BJ,81.14,overcast clouds,6.9333,1.6833,Hotel ARNOGOS
486,Maputo,MZ,75.22,broken clouds,-25.9653,32.5892,Pestana Rovuma
488,Poum,NC,80.89,scattered clouds,-20.2333,164.0167,G√Æte kajeon
489,Jacqueville,CI,84.11,broken clouds,5.2052,-4.4146,Hotel Le Martin Pecheur
491,Kahului,US,78.06,few clouds,20.8947,-156.47,Maui Seaside Hotel
494,Yulara,AU,80.44,overcast clouds,-25.2406,130.9889,Desert Gardens Hotel - Ayers Rock Resort
495,Guerrero Negro,MX,71.17,clear sky,27.9769,-114.0611,"Casa Laguna, Bed & Breakfast"
496,Mount Isa,AU,74.97,overcast clouds,-20.7333,139.5,ibis Styles Mt Isa Verona
497,Labuhan,ID,78.53,light rain,-6.8844,112.2051,DoubleFAG
498,Baculin,PH,75.56,overcast clouds,7.4525,126.5842,Baculin Cove Beach Resort
499,Bengkulu,ID,76.19,moderate rain,-3.8004,102.2655,Grage Hotel Bengkulu
500,Minna,NG,83.91,haze,9.6139,6.5569,Royal Park hotel & suites
502,Kabanjahe,ID,65.16,overcast clouds,3.1001,98.4908,Kos-Kosan wanita muslim bagoes kabanjahe
503,Alibunan,PH,73.56,clear sky,11.1465,122.4591,Rex Casio Cell Site
506,Hargeysa,SO,56.75,clear sky,9.56,44.065,City Center Hotel
507,Vanimo,PG,75.97,overcast clouds,-2.6741,141.3028,Vahmoneh Lodge Vanimo
513,Fortuna Foothills,US,69.69,clear sky,32.6578,-114.4119,Fortuna De Oro RV Park
514,Estelle,US,53.06,clear sky,29.8458,-90.1067,Boomtown Casino & Hotel New Orleans
516,Nouadhibou,MR,66.18,overcast clouds,20.931,-17.0347,El Medina
520,Dakar,SN,71.73,clear sky,14.6937,-17.4441,Redface Studios Meubl√©s
522,Seguin,US,67.71,clear sky,29.5688,-97.9647,La Quinta Inn & Suites by Wyndham Seguin
524,Colares,PT,61.57,clear sky,38.7992,-9.4469,Arribas Sintra Hotel
525,Acajutla,SV,89.8,few clouds,13.5928,-89.8275,Laureles
527,Ambulu,ID,76.35,overcast clouds,-8.345,113.6058,Hotel Ambulu Jember
530,Suwannaphum,TH,76.39,scattered clouds,15.6035,103.8021,‡∏ß‡∏£‡∏£‡∏ì‡∏°‡∏ì‡∏µ ‡∏£‡∏µ‡∏™‡∏≠‡∏£‡πå‡∏ó
531,Kanina,CD,62.31,light rain,-10.7341,25.4699,3W H√¥tel-Restaurant
532,Casalmaggiore,IT,42.58,overcast clouds,44.9939,10.4189,Albergo Delle Industrie
537,Acapulco,MX,85.82,few clouds,16.8634,-99.8901,HS Hotsson Smart Acapulco
539,Yeppoon,AU,74.98,overcast clouds,-23.1333,150.7333,Villa Mar Colina
540,Alugan,PH,77.97,broken clouds,12.2188,125.4808,JM Lodge
542,Katherine,AU,79.12,overcast clouds,-14.4667,132.2667,Pine Tree Motel
543,Hinjilikatu,IN,58.39,few clouds,19.4833,84.75,Uma shankar transport
547,Urambo,TZ,65.19,overcast clouds,-5.0667,32.05,Fair Lodge
549,Ewa Beach,US,79.09,clear sky,21.3156,-158.0072,Uncle Junior Robert
553,Luganville,VU,78.73,overcast clouds,-15.5333,167.1667,The Espiritu Hotel
555,Lazaro Cardenas,MX,83.77,clear sky,17.9583,-102.2,Baymont by Wyndham Lazaro Cardenas
557,Roald,NO,40.33,broken clouds,62.5833,6.1333,Flem Cabins
559,Panaba,MX,72.19,overcast clouds,21.2833,-88.2667,Hotel California
561,Martapura,ID,77.09,overcast clouds,-3.4167,114.85,Montana Hotel Syariah
563,Lander,US,40.98,clear sky,42.833,-108.7307,"Holiday Inn Express & Suites Lander, an IHG Hotel"
565,Toul,FR,44.4,mist,48.6667,5.9167,Abc Hotel
566,Anloga,GH,84.42,broken clouds,5.7947,0.8973,Pin Drop Hotel
567,Malanje,AO,65.41,overcast clouds,-9.5402,16.341,Hotel Ginga
569,Teknaf,BD,55.89,clear sky,20.8624,92.3058,Forestry Guesthouse
572,Sibu,MY,77.31,scattered clouds,2.3,111.8167,RH HOTEL (4 Star)
574,Sunbury,AU,66.79,broken clouds,-37.5833,144.7333,Sunbury Motor Inn
580,Puerto Colombia,CO,86.09,clear sky,10.9878,-74.9547,Hotel El Emigrante
582,Ucluelet,CA,43.09,light rain,48.9329,-125.5528,Black Rock Oceanfront Resort
583,Bulata,PH,79.0,scattered clouds,9.8599,122.4016,Punta Bulata Resort & Spa
585,Waddan,LY,49.42,clear sky,29.1614,16.139,ŸÖÿ≠ŸÑ ÿßŸÑÿ¥ÿ±ŸäŸÅ ŸÖÿ≠ŸÖÿØ ÿßŸÑÿπÿßŸäÿ®
586,Carutapera,BR,76.06,light rain,-1.195,-46.02,Lidera
587,Bischwiller,FR,44.1,overcast clouds,48.7659,7.8583,Restaurant Notre Dame | Marienthal - Hagueneau
588,Coihaique,CL,67.95,scattered clouds,-45.5752,-72.0662,Diego De Almagro Coyhaique
590,Caceres,ES,48.79,clear sky,39.522,-6.3748,Ahc Hoteles
592,Redondo,PT,52.83,clear sky,38.6487,-7.5471,Monte Horta Maria Francisca
593,Bembereke,BJ,76.77,few clouds,10.2283,2.6634,Hotel Bio Guera
597,Tres Passos,BR,73.6,overcast clouds,-27.4556,-53.9319,Hotel Imperial
598,Damietta,EG,55.29,clear sky,31.4165,31.8133,SULIMAN INN
599,Kingman,US,57.54,overcast clouds,35.1894,-114.053,Rodeway Inn Kingman Route 66
600,Akalkot,IN,67.12,clear sky,17.5333,76.2167,Hotel Vikas
601,San Ramon,US,62.24,clear sky,37.7799,-121.978,San Ramon Marriott
603,Bundaberg,AU,73.69,broken clouds,-24.85,152.35,Takalvan Motel
605,Sorong,ID,80.42,overcast clouds,-0.8833,131.25,Waigo Splash Hotel
606,Narok,KE,62.69,overcast clouds,-1.0783,35.8601,OLORROPIL TOWERS
607,Opunake,NZ,67.84,clear sky,-39.4556,173.8583,Walton Cottage
608,Lakatoro,VU,80.96,overcast clouds,-16.0999,167.4164,Lakatoro Palm Lodge
609,Tambura,SS,71.47,clear sky,5.6,27.4667,Rikito Lodge
611,Aljezur,PT,54.63,scattered clouds,37.3191,-8.8033,Amazigh Hostel
612,Lincoln,US,58.01,clear sky,40.8,-96.667,Courtyard by Marriott Lincoln Downtown/Haymarket
613,Chor,PK,65.32,clear sky,25.5167,69.7667,Asad U Bajeer Hotel
614,Kiama,AU,73.38,overcast clouds,-34.6833,150.8667,The Sebel Kiama Harbourside
616,Cap Malheureux,MU,81.09,broken clouds,-19.9842,57.6142,Pereybere Hotel & Spa
618,La Asuncion,VE,79.39,overcast clouds,11.0333,-63.8628,Colinas de Matasiete
619,High Rock,BS,55.42,few clouds,26.6208,-78.2833,Hideaway Bahamas Beach Club
620,Rosarito,MX,70.66,overcast clouds,32.3333,-117.0333,Hotel Festival Plaza Rosarito
621,Lasa,IT,45.48,clear sky,46.6166,10.7002,Pension Feldg√§rtenhof
622,Bac Lieu,VN,74.97,broken clouds,9.285,105.7244,Kh√°ch s·∫°n S√†i G√≤n B·∫°c Li√™u
623,Store Heddinge,DK,43.27,overcast clouds,55.3097,12.3889,Vangeled Gaard B&B
624,Ormara,PK,71.33,clear sky,25.2088,64.6357,Crystal Beach and Camping Resort Ormara
625,Port Macquarie,AU,66.88,overcast clouds,-31.4333,152.9167,Rydges Port Macquarie
626,Acarau,BR,81.91,overcast clouds,-2.8856,-40.12,castelo pizzaria
627,Porto Novo,BJ,84.02,few clouds,6.4965,2.6036,Tour Eiffel Hotel Benin
628,Burnie,AU,60.94,broken clouds,-41.0667,145.9167,Beachfront Voyager Motor Inn
629,Muros,ES,55.9,few clouds,42.7762,-9.0603,Apartment Av. Castelao
631,Puri,IN,57.72,clear sky,19.8,85.85,OYO 1577 Hotel Shree Hari Grand
633,Thiruvananthapuram,IN,82.38,mist,8.4833,76.9167,Hotel Residency Tower
634,Jieshi,CN,55.94,overcast clouds,22.8134,115.8257,Yuehai Hotel
635,Daru,PG,78.33,moderate rain,-9.0763,143.2092,Daru Lodge
637,Cairns,AU,75.15,scattered clouds,-16.9167,145.7667,Mantra Trilogy Cairns
638,Chicama,PE,72.14,broken clouds,-7.8447,-79.1469,Balihai Bungalows
639,Prince Rupert,CA,42.89,light rain,54.3161,-130.3201,Crest Hotel
643,Hostotipaquillo,MX,84.22,clear sky,21.0667,-104.0667,Departamento Luna
645,Dalbandin,PK,57.61,scattered clouds,28.8947,64.4101,Gidaan Guest House
646,Vieste,IT,43.3,clear sky,41.8825,16.175,Hotel Falcone
648,Lagoa,PT,58.05,broken clouds,39.05,-27.9833,Casa Das Faias
649,Villa Del Rosario,CO,86.38,scattered clouds,7.8339,-72.4742,Hotel Villas de San Diego
654,Deniliquin,AU,66.0,overcast clouds,-35.5333,144.9667,Riviana Motel
655,Barra Do Garcas,BR,84.78,broken clouds,-15.89,-52.2567,Hotel Pousada Tropical
656,Butte,US,66.63,clear sky,39.6499,-121.5677,Meadowbrook Oaks Mobile Home Park
658,Kloulklubed,PW,81.5,broken clouds,7.0419,134.2556,Storyboard Beach Resort
659,Shintomi,JP,45.72,overcast clouds,32.0785,131.4723,„Éõ„ÉÜ„É´„Çπ„Ç§„Éº„Éà
661,Stornoway,GB,40.03,few clouds,58.2093,-6.3865,Caladh Inn
664,Muisne,EC,82.51,light rain,0.6,-80.0333,Quinta Samay
666,Hastings,GB,50.81,clear sky,50.8552,0.5729,Zanzibar Hotel
669,Port Hedland,AU,82.45,overcast clouds,-20.3167,118.5667,"The Esplanade Hotel (Accommodation section closed for refurbishment - Bar, Restaurant & Functions remain open)"
672,Nhulunbuy,AU,81.21,overcast clouds,-12.2333,136.7667,East Arnhem Real Estate
677,Auki,SB,77.85,overcast clouds,-8.7676,160.7034,Auki Motel
678,Hobyo,SO,77.11,few clouds,5.3505,48.5268,Halane Hotel and Restaurent
679,Poli,TZ,63.84,overcast clouds,-3.3333,36.8,Urafiki House
680,Uaua,BR,73.72,overcast clouds,-9.8414,-39.4817,Hotel Uau√°
681,Isiro,CD,69.13,overcast clouds,2.7739,27.616,Guest House Hewa Bora
683,Eydhafushi,MV,82.6,broken clouds,5.1033,73.0708,Soneva Fushi
684,Amarpur,IN,53.33,clear sky,25.0333,86.9,Amit kirana store
685,Port Augusta,AU,72.72,broken clouds,-32.5,137.7667,Majestic Oasis Apartments
687,Susangerd,IR,44.62,clear sky,31.5608,48.1831,ÿØŸÅÿ™ÿ± ÿÆÿØŸÖÿßÿ™ ŸáŸàÿß€å€å Ÿàÿ¨ŸáÿßŸÜ⁄Øÿ±ÿØ€å ŸÜÿ≥€åŸÖ ⁄Øÿ≥ÿ™ÿ± ÿØÿ¥ÿ™ ÿ¢ÿ≤ÿßÿØ⁄ØÿßŸÜ
688,Le Port,RE,77.0,overcast clouds,-20.9373,55.2919,KORBEY D'OR OUEST
689,Palu,ID,75.43,overcast clouds,-0.8917,119.8707,Hotel Santika Palu
690,Beira,MZ,80.69,few clouds,-19.8436,34.8389,Beira Terrace Hotel
692,Buala,SB,80.35,light rain,-8.145,159.5921,Maringe Lagoon Lodge
693,Canyon Lake,US,66.97,scattered clouds,29.8752,-98.2625,The Lodge At Turkey Cove
695,Santona,ES,47.35,clear sky,43.4439,-3.4576,Playamar
696,Viesca,MX,59.36,clear sky,25.35,-102.8,LA VIEZCA (Parque Magico)
698,Antalaha,MG,74.43,few clouds,-14.9003,50.2788,Hotel Vitasoa
700,Abbeville,FR,51.94,overcast clouds,50.1,1.8333,H√¥tel Mercure Abbeville Centre - Porte de la Baie de Somme
701,Mecca,SA,65.93,scattered clouds,21.4267,39.8261,"Makkah Clock Royal Tower, A Fairmont Hotel"
702,Karpathos,GR,57.16,overcast clouds,35.507,27.2132,Alex
703,Toamasina,MG,77.0,scattered clouds,-18.1667,49.3833,Hotel H1
704,Altea,ES,55.58,clear sky,38.5989,-0.0514,Albir Playa Hotel & Spa
705,Eureka,US,63.19,clear sky,40.8021,-124.1637,Eureka Inn Trademark By Wyndham
706,Eyl,SO,75.13,broken clouds,7.9803,49.8164,Amiin Hotel
707,Jacksonville,US,49.08,clear sky,30.3322,-81.6556,Hyatt Regency Jacksonville Riverfront
